{"cameraMode":{"drawMode":0,"name":"Shaded","section":"Shading Mode"},"sceneLighting":false,"audioPlay":false,"sceneViewState":{"m_AlwaysRefresh":false,"showFog":true,"showSkybox":false,"showFlares":true,"showImageEffects":true,"showParticleSystems":true,"showVisualEffectGraphs":true,"m_FxEnabled":true},"in2DMode":false,"pivot":{"x":-0.00241813063621521,"y":0.12496346235275269,"z":0.0038491487503051759},"rotation":{"x":0.21435579657554627,"y":-0.26685771346092226,"z":0.06197623908519745,"w":0.9376739859580994},"size":0.5823389291763306,"orthographic":false}